C, 8792 ANV,  Fiat ,  500 , 20m, 4
F, 7577 aam,citroen,berlingo, 35, 4.3
F, 1267 BBC ,  Renault ,  Trafic , 36, 4.2
F, 3456 aaa ,  mercedes ,  sprinter 3 , 39, 11.6
C, 2367 CXB,  Volkswagen ,  Polo , 26, 5
C, 4848 aaa,  seat ,  le√≥n , 27, 5
F, 4355 jka,citroen,jumpy , 31, 6.6
C, 4222 bxs,  seat ,  ibiza , 25, 5
C, 6663 vdg,  Audi ,  a3 , 36, 5
F, 7577 aam,citroen,berlingo, 35, 4.3p
C, 2216 MCD,  Volkswagen ,  turan , 32, 5
C, 3214 AAA,  Volkswagen ,  beetle , 25, 4
C, 6663 vdg,  Audi ,  a3 , 36, 5
F, 1267 BBC ,  Renault ,  Trafic , 36, 4.2
F, 3456 aaa ,  mercedes ,  sprinter 3 , 39, 11.6
C, 6663 vdg,  Audi ,  a3 , 36, 5
C, 2368 CCZ,  Volkswagen ,  golf , 29, 5
F, 1933 ccd,Mercedes,Citan 109, 35, 3.2
F, 8892 vxa,Mercedes,vito 111, 33, 6.2
C, 8792 ANV,  Fiat ,  500 , 20, 4
F, 7577 aam,citroen,berlingo, 35, 4.3
C, 8891 CXU,  Audi ,  cabrio , 33, 4
F, 4355 jka,citroen,jumpy , 31, 6.6